 , LINK, DESCRIPCIÓN, ETAPA, FECHA PUBLICACIÓN, PROYECTO CONTRATADO, ESTADO, LOCALIZACIÓN, INVERSIÓN, TIPO DESARROLLO, MUNICIPIO, COLONIA, C.P.:, SECTOR, CATEGORÍA, FECHA INICIO PROBABLE, FECHA TERMINO PROBABLE, CONSTRUCCIÓN, TERRENO, SUCURSAL, Observaciones, Clasificación, Detalles, Descripción extra
1, http://www.construleads.com/cl20/ficha-obra/?muestra=1&claveProyecto=OC193660,, , , , , , $0.00 , , , , , , , , , 0, 0, Teléfono:  Dirección: , , , , 
2, http://www.construleads.com/cl20/ficha-obra/?muestra=1&claveProyecto=OC193661,, , , , , , $0.00 , , , , , , , , , 0, 0, Teléfono:  Dirección: , , , , 
3, http://www.construleads.com/cl20/ficha-obra/?muestra=1&claveProyecto=OC193662,, , , , , , $0.00 , , , , , , , , , 0, 0, Teléfono:  Dirección: , , , , 
4, http://www.construleads.com/cl20/ficha-obra/?muestra=1&claveProyecto=OC193663,, , , , , , $0.00 , , , , , , , , , 0, 0, Teléfono:  Dirección: , , , , 
5, http://www.construleads.com/cl20/ficha-obra/?muestra=1&claveProyecto=OC193664,, , , , , , $0.00 , , , , , , , , , 0, 0, Teléfono:  Dirección: , , , , 
6, http://www.construleads.com/cl20/ficha-obra/?muestra=1&claveProyecto=OC193665,, , , , , , $0.00 , , , , , , , , , 0, 0, Teléfono:  Dirección: , , , , 
7, http://www.construleads.com/cl20/ficha-obra/?muestra=1&claveProyecto=OC193666,, , , , , , $0.00 , , , , , , , , , 0, 0, Teléfono:  Dirección: , , , , 
8, http://www.construleads.com/cl20/ficha-obra/?muestra=1&claveProyecto=OC193667,, , , , , , $0.00 , , , , , , , , , 0, 0, Teléfono:  Dirección: , , , , 
9, http://www.construleads.com/cl20/ficha-obra/?muestra=1&claveProyecto=OC193668,, , , , , , $0.00 , , , , , , , , , 0, 0, Teléfono:  Dirección: , , , , 
10, http://www.construleads.com/cl20/ficha-obra/?muestra=1&claveProyecto=OC193669,, , , , , , $0.00 , , , , , , , , , 0, 0, Teléfono:  Dirección: , , , , 
11, http://www.construleads.com/cl20/ficha-obra/?muestra=1&claveProyecto=OC193670,, , , , , , $0.00 , , , , , , , , , 0, 0, Teléfono:  Dirección: , , , , 
12, http://www.construleads.com/cl20/ficha-obra/?muestra=1&claveProyecto=OC193671,, , , , , , $0.00 , , , , , , , , , 0, 0, Teléfono:  Dirección: , , , , 
13, http://www.construleads.com/cl20/ficha-obra/?muestra=1&claveProyecto=OC193672,, , , , , , $0.00 , , , , , , , , , 0, 0, Teléfono:  Dirección: , , , , 
14, http://www.construleads.com/cl20/ficha-obra/?muestra=1&claveProyecto=OC193673,, , , , , , $0.00 , , , , , , , , , 0, 0, Teléfono:  Dirección: , , , , 
15, http://www.construleads.com/cl20/ficha-obra/?muestra=1&claveProyecto=OC193674,, , , , , , $0.00 , , , , , , , , , 0, 0, Teléfono:  Dirección: , , , , 
16, http://www.construleads.com/cl20/ficha-obra/?muestra=1&claveProyecto=OC193675,, , , , , , $0.00 , , , , , , , , , 0, 0, Teléfono:  Dirección: , , , , 
17, http://www.construleads.com/cl20/ficha-obra/?muestra=1&claveProyecto=OC193676,, , , , , , $0.00 , , , , , , , , , 0, 0, Teléfono:  Dirección: , , , , 
18, http://www.construleads.com/cl20/ficha-obra/?muestra=1&claveProyecto=OC193677,, , , , , , $0.00 , , , , , , , , , 0, 0, Teléfono:  Dirección: , , , , 
19, http://www.construleads.com/cl20/ficha-obra/?muestra=1&claveProyecto=OC193678,, , , , , , $0.00 , , , , , , , , , 0, 0, Teléfono:  Dirección: , , , , 
20, http://www.construleads.com/cl20/ficha-obra/?muestra=1&claveProyecto=OC193679,, , , , , , $0.00 , , , , , , , , , 0, 0, Teléfono:  Dirección: , , , , 
21, http://www.construleads.com/cl20/ficha-obra/?muestra=1&claveProyecto=OC193680,, , , , , , $0.00 , , , , , , , , , 0, 0, Teléfono:  Dirección: , , , , 
22, http://www.construleads.com/cl20/ficha-obra/?muestra=1&claveProyecto=OC193681,, , , , , , $0.00 , , , , , , , , , 0, 0, Teléfono:  Dirección: , , , , 
23, http://www.construleads.com/cl20/ficha-obra/?muestra=1&claveProyecto=OC193682,, , , , , , $0.00 , , , , , , , , , 0, 0, Teléfono:  Dirección: , , , , 
24, http://www.construleads.com/cl20/ficha-obra/?muestra=1&claveProyecto=OC193683,, , , , , , $0.00 , , , , , , , , , 0, 0, Teléfono:  Dirección: , , , , 
25, http://www.construleads.com/cl20/ficha-obra/?muestra=1&claveProyecto=OC193684,, , , , , , $0.00 , , , , , , , , , 0, 0, Teléfono:  Dirección: , , , , 
26, http://www.construleads.com/cl20/ficha-obra/?muestra=1&claveProyecto=OC193685,, , , , , , $0.00 , , , , , , , , , 0, 0, Teléfono:  Dirección: , , , , 
27, http://www.construleads.com/cl20/ficha-obra/?muestra=1&claveProyecto=OC193686,, , , , , , $0.00 , , , , , , , , , 0, 0, Teléfono:  Dirección: , , , , 
28, http://www.construleads.com/cl20/ficha-obra/?muestra=1&claveProyecto=OC193687,, , , , , , $0.00 , , , , , , , , , 0, 0, Teléfono:  Dirección: , , , , 
29, http://www.construleads.com/cl20/ficha-obra/?muestra=1&claveProyecto=OC193688,, , , , , , $0.00 , , , , , , , , , 0, 0, Teléfono:  Dirección: , , , , 
30, http://www.construleads.com/cl20/ficha-obra/?muestra=1&claveProyecto=OC193689,, , , , , , $0.00 , , , , , , , , , 0, 0, Teléfono:  Dirección: , , , , 
31, http://www.construleads.com/cl20/ficha-obra/?muestra=1&claveProyecto=OC193690,, , , , , , $0.00 , , , , , , , , , 0, 0, Teléfono:  Dirección: , , , , 
32, http://www.construleads.com/cl20/ficha-obra/?muestra=1&claveProyecto=OC193691,, , , , , , $0.00 , , , , , , , , , 0, 0, Teléfono:  Dirección: , , , , 
33, http://www.construleads.com/cl20/ficha-obra/?muestra=1&claveProyecto=OC193692,, , , , , , $0.00 , , , , , , , , , 0, 0, Teléfono:  Dirección: , , , , 
34, http://www.construleads.com/cl20/ficha-obra/?muestra=1&claveProyecto=OC193693,, , , , , , $0.00 , , , , , , , , , 0, 0, Teléfono:  Dirección: , , , , 
35, http://www.construleads.com/cl20/ficha-obra/?muestra=1&claveProyecto=OC193694,, , , , , , $0.00 , , , , , , , , , 0, 0, Teléfono:  Dirección: , , , , 
36, http://www.construleads.com/cl20/ficha-obra/?muestra=1&claveProyecto=OC193695,, , , , , , $0.00 , , , , , , , , , 0, 0, Teléfono:  Dirección: , , , , 
37, http://www.construleads.com/cl20/ficha-obra/?muestra=1&claveProyecto=OC193696,, , , , , , $0.00 , , , , , , , , , 0, 0, Teléfono:  Dirección: , , , , 
38, http://www.construleads.com/cl20/ficha-obra/?muestra=1&claveProyecto=OC193697,, , , , , , $0.00 , , , , , , , , , 0, 0, Teléfono:  Dirección: , , , , 
39, http://www.construleads.com/cl20/ficha-obra/?muestra=1&claveProyecto=OC193698,, , , , , , $0.00 , , , , , , , , , 0, 0, Teléfono:  Dirección: , , , , 
40, http://www.construleads.com/cl20/ficha-obra/?muestra=1&claveProyecto=OC193699,, , , , , , $0.00 , , , , , , , , , 0, 0, Teléfono:  Dirección: , , , , 
41, http://www.construleads.com/cl20/ficha-obra/?muestra=1&claveProyecto=OC193700,, , , , , , $0.00 , , , , , , , , , 0, 0, Teléfono:  Dirección: , , , , 
42, http://www.construleads.com/cl20/ficha-obra/?muestra=1&claveProyecto=OC193701,, , , , , , $0.00 , , , , , , , , , 0, 0, Teléfono:  Dirección: , , , , 
43, http://www.construleads.com/cl20/ficha-obra/?muestra=1&claveProyecto=OC193702,, , , , , , $0.00 , , , , , , , , , 0, 0, Teléfono:  Dirección: , , , , 
44, http://www.construleads.com/cl20/ficha-obra/?muestra=1&claveProyecto=OC193703,, , , , , , $0.00 , , , , , , , , , 0, 0, Teléfono:  Dirección: , , , , 
45, http://www.construleads.com/cl20/ficha-obra/?muestra=1&claveProyecto=OC193704,, , , , , , $0.00 , , , , , , , , , 0, 0, Teléfono:  Dirección: , , , , 
46, http://www.construleads.com/cl20/ficha-obra/?muestra=1&claveProyecto=OC193705,, , , , , , $0.00 , , , , , , , , , 0, 0, Teléfono:  Dirección: , , , , 
47, http://www.construleads.com/cl20/ficha-obra/?muestra=1&claveProyecto=OC193706,, , , , , , $0.00 , , , , , , , , , 0, 0, Teléfono:  Dirección: , , , , 
48, http://www.construleads.com/cl20/ficha-obra/?muestra=1&claveProyecto=OC193707,, , , , , , $0.00 , , , , , , , , , 0, 0, Teléfono:  Dirección: , , , , 
49, http://www.construleads.com/cl20/ficha-obra/?muestra=1&claveProyecto=OC193708,, , , , , , $0.00 , , , , , , , , , 0, 0, Teléfono:  Dirección: , , , , 
50, http://www.construleads.com/cl20/ficha-obra/?muestra=1&claveProyecto=OC193709,, , , , , , $0.00 , , , , , , , , , 0, 0, Teléfono:  Dirección: , , , , 
51, http://www.construleads.com/cl20/ficha-obra/?muestra=1&claveProyecto=OC193710,, , , , , , $0.00 , , , , , , , , , 0, 0, Teléfono:  Dirección: , , , , 
52, http://www.construleads.com/cl20/ficha-obra/?muestra=1&claveProyecto=OC193711,, , , , , , $0.00 , , , , , , , , , 0, 0, Teléfono:  Dirección: , , , , 
53, http://www.construleads.com/cl20/ficha-obra/?muestra=1&claveProyecto=OC193712,, , , , , , $0.00 , , , , , , , , , 0, 0, Teléfono:  Dirección: , , , , 
54, http://www.construleads.com/cl20/ficha-obra/?muestra=1&claveProyecto=OC193713,, , , , , , $0.00 , , , , , , , , , 0, 0, Teléfono:  Dirección: , , , , 
55, http://www.construleads.com/cl20/ficha-obra/?muestra=1&claveProyecto=OC193714,, , , , , , $0.00 , , , , , , , , , 0, 0, Teléfono:  Dirección: , , , , 
56, http://www.construleads.com/cl20/ficha-obra/?muestra=1&claveProyecto=OC193715,, , , , , , $0.00 , , , , , , , , , 0, 0, Teléfono:  Dirección: , , , , 
57, http://www.construleads.com/cl20/ficha-obra/?muestra=1&claveProyecto=OC193716,, , , , , , $0.00 , , , , , , , , , 0, 0, Teléfono:  Dirección: , , , , 
58, http://www.construleads.com/cl20/ficha-obra/?muestra=1&claveProyecto=OC193717,, , , , , , $0.00 , , , , , , , , , 0, 0, Teléfono:  Dirección: , , , , 
59, http://www.construleads.com/cl20/ficha-obra/?muestra=1&claveProyecto=OC193718,, , , , , , $0.00 , , , , , , , , , 0, 0, Teléfono:  Dirección: , , , , 
60, http://www.construleads.com/cl20/ficha-obra/?muestra=1&claveProyecto=OC193719,, , , , , , $0.00 , , , , , , , , , 0, 0, Teléfono:  Dirección: , , , , 
61, http://www.construleads.com/cl20/ficha-obra/?muestra=1&claveProyecto=OC193720,, , , , , , $0.00 , , , , , , , , , 0, 0, Teléfono:  Dirección: , , , , 
62, http://www.construleads.com/cl20/ficha-obra/?muestra=1&claveProyecto=OC193721,, , , , , , $0.00 , , , , , , , , , 0, 0, Teléfono:  Dirección: , , , , 
63, http://www.construleads.com/cl20/ficha-obra/?muestra=1&claveProyecto=OC193722,, , , , , , $0.00 , , , , , , , , , 0, 0, Teléfono:  Dirección: , , , , 
64, http://www.construleads.com/cl20/ficha-obra/?muestra=1&claveProyecto=OC193723,, , , , , , $0.00 , , , , , , , , , 0, 0, Teléfono:  Dirección: , , , , 
65, http://www.construleads.com/cl20/ficha-obra/?muestra=1&claveProyecto=OC193724,, , , , , , $0.00 , , , , , , , , , 0, 0, Teléfono:  Dirección: , , , , 
66, http://www.construleads.com/cl20/ficha-obra/?muestra=1&claveProyecto=OC193725,, , , , , , $0.00 , , , , , , , , , 0, 0, Teléfono:  Dirección: , , , , 
67, http://www.construleads.com/cl20/ficha-obra/?muestra=1&claveProyecto=OC193726,, , , , , , $0.00 , , , , , , , , , 0, 0, Teléfono:  Dirección: , , , , 
68, http://www.construleads.com/cl20/ficha-obra/?muestra=1&claveProyecto=OC193727,, , , , , , $0.00 , , , , , , , , , 0, 0, Teléfono:  Dirección: , , , , 
69, http://www.construleads.com/cl20/ficha-obra/?muestra=1&claveProyecto=OC193728,, , , , , , $0.00 , , , , , , , , , 0, 0, Teléfono:  Dirección: , , , , 
70, http://www.construleads.com/cl20/ficha-obra/?muestra=1&claveProyecto=OC193729,, , , , , , $0.00 , , , , , , , , , 0, 0, Teléfono:  Dirección: , , , , 
71, http://www.construleads.com/cl20/ficha-obra/?muestra=1&claveProyecto=OC193730,, , , , , , $0.00 , , , , , , , , , 0, 0, Teléfono:  Dirección: , , , , 
72, http://www.construleads.com/cl20/ficha-obra/?muestra=1&claveProyecto=OC193731,, , , , , , $0.00 , , , , , , , , , 0, 0, Teléfono:  Dirección: , , , , 
73, http://www.construleads.com/cl20/ficha-obra/?muestra=1&claveProyecto=OC193732,, , , , , , $0.00 , , , , , , , , , 0, 0, Teléfono:  Dirección: , , , , 
74, http://www.construleads.com/cl20/ficha-obra/?muestra=1&claveProyecto=OC193733,, , , , , , $0.00 , , , , , , , , , 0, 0, Teléfono:  Dirección: , , , , 
75, http://www.construleads.com/cl20/ficha-obra/?muestra=1&claveProyecto=OC193734,, , , , , , $0.00 , , , , , , , , , 0, 0, Teléfono:  Dirección: , , , , 
76, http://www.construleads.com/cl20/ficha-obra/?muestra=1&claveProyecto=OC193735,, , , , , , $0.00 , , , , , , , , , 0, 0, Teléfono:  Dirección: , , , , 
77, http://www.construleads.com/cl20/ficha-obra/?muestra=1&claveProyecto=OC193736,, , , , , , $0.00 , , , , , , , , , 0, 0, Teléfono:  Dirección: , , , , 
78, http://www.construleads.com/cl20/ficha-obra/?muestra=1&claveProyecto=OC193737,, , , , , , $0.00 , , , , , , , , , 0, 0, Teléfono:  Dirección: , , , , 
79, http://www.construleads.com/cl20/ficha-obra/?muestra=1&claveProyecto=OC193738,, , , , , , $0.00 , , , , , , , , , 0, 0, Teléfono:  Dirección: , , , , 
80, http://www.construleads.com/cl20/ficha-obra/?muestra=1&claveProyecto=OC193739,, , , , , , $0.00 , , , , , , , , , 0, 0, Teléfono:  Dirección: , , , , 
81, http://www.construleads.com/cl20/ficha-obra/?muestra=1&claveProyecto=OC193740,, , , , , , $0.00 , , , , , , , , , 0, 0, Teléfono:  Dirección: , , , , 
82, http://www.construleads.com/cl20/ficha-obra/?muestra=1&claveProyecto=OC193741,, , , , , , $0.00 , , , , , , , , , 0, 0, Teléfono:  Dirección: , , , , 
83, http://www.construleads.com/cl20/ficha-obra/?muestra=1&claveProyecto=OC193742,, , , , , , $0.00 , , , , , , , , , 0, 0, Teléfono:  Dirección: , , , , 
84, http://www.construleads.com/cl20/ficha-obra/?muestra=1&claveProyecto=OC193743,, , , , , , $0.00 , , , , , , , , , 0, 0, Teléfono:  Dirección: , , , , 
85, http://www.construleads.com/cl20/ficha-obra/?muestra=1&claveProyecto=OC193744,, , , , , , $0.00 , , , , , , , , , 0, 0, Teléfono:  Dirección: , , , , 
86, http://www.construleads.com/cl20/ficha-obra/?muestra=1&claveProyecto=OC193745,, , , , , , $0.00 , , , , , , , , , 0, 0, Teléfono:  Dirección: , , , , 
87, http://www.construleads.com/cl20/ficha-obra/?muestra=1&claveProyecto=OC193746,, , , , , , $0.00 , , , , , , , , , 0, 0, Teléfono:  Dirección: , , , , 
88, http://www.construleads.com/cl20/ficha-obra/?muestra=1&claveProyecto=OC193747,, , , , , , $0.00 , , , , , , , , , 0, 0, Teléfono:  Dirección: , , , , 
89, http://www.construleads.com/cl20/ficha-obra/?muestra=1&claveProyecto=OC193748,, , , , , , $0.00 , , , , , , , , , 0, 0, Teléfono:  Dirección: , , , , 
90, http://www.construleads.com/cl20/ficha-obra/?muestra=1&claveProyecto=OC193749,, , , , , , $0.00 , , , , , , , , , 0, 0, Teléfono:  Dirección: , , , , 
91, http://www.construleads.com/cl20/ficha-obra/?muestra=1&claveProyecto=OC193750,, , , , , , $0.00 , , , , , , , , , 0, 0, Teléfono:  Dirección: , , , , 
92, http://www.construleads.com/cl20/ficha-obra/?muestra=1&claveProyecto=OC193751,, , , , , , $0.00 , , , , , , , , , 0, 0, Teléfono:  Dirección: , , , , 
93, http://www.construleads.com/cl20/ficha-obra/?muestra=1&claveProyecto=OC193752,, , , , , , $0.00 , , , , , , , , , 0, 0, Teléfono:  Dirección: , , , , 
94, http://www.construleads.com/cl20/ficha-obra/?muestra=1&claveProyecto=OC193753,, , , , , , $0.00 , , , , , , , , , 0, 0, Teléfono:  Dirección: , , , , 
95, http://www.construleads.com/cl20/ficha-obra/?muestra=1&claveProyecto=OC193754,, , , , , , $0.00 , , , , , , , , , 0, 0, Teléfono:  Dirección: , , , , 
96, http://www.construleads.com/cl20/ficha-obra/?muestra=1&claveProyecto=OC193755,, , , , , , $0.00 , , , , , , , , , 0, 0, Teléfono:  Dirección: , , , , 
97, http://www.construleads.com/cl20/ficha-obra/?muestra=1&claveProyecto=OC193756,, , , , , , $0.00 , , , , , , , , , 0, 0, Teléfono:  Dirección: , , , , 
98, http://www.construleads.com/cl20/ficha-obra/?muestra=1&claveProyecto=OC193757,, , , , , , $0.00 , , , , , , , , , 0, 0, Teléfono:  Dirección: , , , , 
99, http://www.construleads.com/cl20/ficha-obra/?muestra=1&claveProyecto=OC193758,, , , , , , $0.00 , , , , , , , , , 0, 0, Teléfono:  Dirección: , , , , 
100, http://www.construleads.com/cl20/ficha-obra/?muestra=1&claveProyecto=OC193759,, , , , , , $0.00 , , , , , , , , , 0, 0, Teléfono:  Dirección: , , , , 
101, http://www.construleads.com/cl20/ficha-obra/?muestra=1&claveProyecto=OC193760,, , , , , , $0.00 , , , , , , , , , 0, 0, Teléfono:  Dirección: , , , , 
102, http://www.construleads.com/cl20/ficha-obra/?muestra=1&claveProyecto=OC193761,, , , , , , $0.00 , , , , , , , , , 0, 0, Teléfono:  Dirección: , , , , 
103, http://www.construleads.com/cl20/ficha-obra/?muestra=1&claveProyecto=OC193762,, , , , , , $0.00 , , , , , , , , , 0, 0, Teléfono:  Dirección: , , , , 
104, http://www.construleads.com/cl20/ficha-obra/?muestra=1&claveProyecto=OC193763,, , , , , , $0.00 , , , , , , , , , 0, 0, Teléfono:  Dirección: , , , , 
105, http://www.construleads.com/cl20/ficha-obra/?muestra=1&claveProyecto=OC193764,, , , , , , $0.00 , , , , , , , , , 0, 0, Teléfono:  Dirección: , , , , 
106, http://www.construleads.com/cl20/ficha-obra/?muestra=1&claveProyecto=OC193765,, , , , , , $0.00 , , , , , , , , , 0, 0, Teléfono:  Dirección: , , , , 
107, http://www.construleads.com/cl20/ficha-obra/?muestra=1&claveProyecto=OC193766,, , , , , , $0.00 , , , , , , , , , 0, 0, Teléfono:  Dirección: , , , , 
108, http://www.construleads.com/cl20/ficha-obra/?muestra=1&claveProyecto=OC193767,, , , , , , $0.00 , , , , , , , , , 0, 0, Teléfono:  Dirección: , , , , 
109, http://www.construleads.com/cl20/ficha-obra/?muestra=1&claveProyecto=OC193768,, , , , , , $0.00 , , , , , , , , , 0, 0, Teléfono:  Dirección: , , , , 
110, http://www.construleads.com/cl20/ficha-obra/?muestra=1&claveProyecto=OC193769,, , , , , , $0.00 , , , , , , , , , 0, 0, Teléfono:  Dirección: , , , , 
111, http://www.construleads.com/cl20/ficha-obra/?muestra=1&claveProyecto=OC193770,, , , , , , $0.00 , , , , , , , , , 0, 0, Teléfono:  Dirección: , , , , 
112, http://www.construleads.com/cl20/ficha-obra/?muestra=1&claveProyecto=OC193771,, , , , , , $0.00 , , , , , , , , , 0, 0, Teléfono:  Dirección: , , , , 
113, http://www.construleads.com/cl20/ficha-obra/?muestra=1&claveProyecto=OC193772,, , , , , , $0.00 , , , , , , , , , 0, 0, Teléfono:  Dirección: , , , , 
114, http://www.construleads.com/cl20/ficha-obra/?muestra=1&claveProyecto=OC193773,, , , , , , $0.00 , , , , , , , , , 0, 0, Teléfono:  Dirección: , , , , 
115, http://www.construleads.com/cl20/ficha-obra/?muestra=1&claveProyecto=OC193774,, , , , , , $0.00 , , , , , , , , , 0, 0, Teléfono:  Dirección: , , , , 
116, http://www.construleads.com/cl20/ficha-obra/?muestra=1&claveProyecto=OC193775,, , , , , , $0.00 , , , , , , , , , 0, 0, Teléfono:  Dirección: , , , , 
117, http://www.construleads.com/cl20/ficha-obra/?muestra=1&claveProyecto=OC193776,, , , , , , $0.00 , , , , , , , , , 0, 0, Teléfono:  Dirección: , , , , 
118, http://www.construleads.com/cl20/ficha-obra/?muestra=1&claveProyecto=OC193777,, , , , , , $0.00 , , , , , , , , , 0, 0, Teléfono:  Dirección: , , , , 
119, http://www.construleads.com/cl20/ficha-obra/?muestra=1&claveProyecto=OC193778,, , , , , , $0.00 , , , , , , , , , 0, 0, Teléfono:  Dirección: , , , , 
120, http://www.construleads.com/cl20/ficha-obra/?muestra=1&claveProyecto=OC193779,, , , , , , $0.00 , , , , , , , , , 0, 0, Teléfono:  Dirección: , , , , 
121, http://www.construleads.com/cl20/ficha-obra/?muestra=1&claveProyecto=OC193780,, , , , , , $0.00 , , , , , , , , , 0, 0, Teléfono:  Dirección: , , , , 
122, http://www.construleads.com/cl20/ficha-obra/?muestra=1&claveProyecto=OC193781,, , , , , , $0.00 , , , , , , , , , 0, 0, Teléfono:  Dirección: , , , , 
123, http://www.construleads.com/cl20/ficha-obra/?muestra=1&claveProyecto=OC193782,, , , , , , $0.00 , , , , , , , , , 0, 0, Teléfono:  Dirección: , , , , 
124, http://www.construleads.com/cl20/ficha-obra/?muestra=1&claveProyecto=OC193783,, , , , , , $0.00 , , , , , , , , , 0, 0, Teléfono:  Dirección: , , , , 
125, http://www.construleads.com/cl20/ficha-obra/?muestra=1&claveProyecto=OC193784,, , , , , , $0.00 , , , , , , , , , 0, 0, Teléfono:  Dirección: , , , , 
126, http://www.construleads.com/cl20/ficha-obra/?muestra=1&claveProyecto=OC193785,, , , , , , $0.00 , , , , , , , , , 0, 0, Teléfono:  Dirección: , , , , 
127, http://www.construleads.com/cl20/ficha-obra/?muestra=1&claveProyecto=OC193786,, , , , , , $0.00 , , , , , , , , , 0, 0, Teléfono:  Dirección: , , , , 
128, http://www.construleads.com/cl20/ficha-obra/?muestra=1&claveProyecto=OC193787,, , , , , , $0.00 , , , , , , , , , 0, 0, Teléfono:  Dirección: , , , , 
129, http://www.construleads.com/cl20/ficha-obra/?muestra=1&claveProyecto=OC193788,, , , , , , $0.00 , , , , , , , , , 0, 0, Teléfono:  Dirección: , , , , 
130, http://www.construleads.com/cl20/ficha-obra/?muestra=1&claveProyecto=OC193789,, , , , , , $0.00 , , , , , , , , , 0, 0, Teléfono:  Dirección: , , , , 
131, http://www.construleads.com/cl20/ficha-obra/?muestra=1&claveProyecto=OC193790,, , , , , , $0.00 , , , , , , , , , 0, 0, Teléfono:  Dirección: , , , , 
132, http://www.construleads.com/cl20/ficha-obra/?muestra=1&claveProyecto=OC193791,, , , , , , $0.00 , , , , , , , , , 0, 0, Teléfono:  Dirección: , , , , 
133, http://www.construleads.com/cl20/ficha-obra/?muestra=1&claveProyecto=OC193792,, , , , , , $0.00 , , , , , , , , , 0, 0, Teléfono:  Dirección: , , , , 
134, http://www.construleads.com/cl20/ficha-obra/?muestra=1&claveProyecto=OC193793,, , , , , , $0.00 , , , , , , , , , 0, 0, Teléfono:  Dirección: , , , , 
135, http://www.construleads.com/cl20/ficha-obra/?muestra=1&claveProyecto=OC193794,, , , , , , $0.00 , , , , , , , , , 0, 0, Teléfono:  Dirección: , , , , 
136, http://www.construleads.com/cl20/ficha-obra/?muestra=1&claveProyecto=OC193795,, , , , , , $0.00 , , , , , , , , , 0, 0, Teléfono:  Dirección: , , , , 
137, http://www.construleads.com/cl20/ficha-obra/?muestra=1&claveProyecto=OC193796,, , , , , , $0.00 , , , , , , , , , 0, 0, Teléfono:  Dirección: , , , , 
138, http://www.construleads.com/cl20/ficha-obra/?muestra=1&claveProyecto=OC193797,, , , , , , $0.00 , , , , , , , , , 0, 0, Teléfono:  Dirección: , , , , 
139, http://www.construleads.com/cl20/ficha-obra/?muestra=1&claveProyecto=OC193798,, , , , , , $0.00 , , , , , , , , , 0, 0, Teléfono:  Dirección: , , , , 
140, http://www.construleads.com/cl20/ficha-obra/?muestra=1&claveProyecto=OC193799,, , , , , , $0.00 , , , , , , , , , 0, 0, Teléfono:  Dirección: , , , , 
141, http://www.construleads.com/cl20/ficha-obra/?muestra=1&claveProyecto=OC193800,, , , , , , $0.00 , , , , , , , , , 0, 0, Teléfono:  Dirección: , , , , 
142, http://www.construleads.com/cl20/ficha-obra/?muestra=1&claveProyecto=OC193801,, , , , , , $0.00 , , , , , , , , , 0, 0, Teléfono:  Dirección: , , , , 
143, http://www.construleads.com/cl20/ficha-obra/?muestra=1&claveProyecto=OC193802,, , , , , , $0.00 , , , , , , , , , 0, 0, Teléfono:  Dirección: , , , , 
144, http://www.construleads.com/cl20/ficha-obra/?muestra=1&claveProyecto=OC193803,, , , , , , $0.00 , , , , , , , , , 0, 0, Teléfono:  Dirección: , , , , 
145, http://www.construleads.com/cl20/ficha-obra/?muestra=1&claveProyecto=OC193804,, , , , , , $0.00 , , , , , , , , , 0, 0, Teléfono:  Dirección: , , , , 
146, http://www.construleads.com/cl20/ficha-obra/?muestra=1&claveProyecto=OC193805,, , , , , , $0.00 , , , , , , , , , 0, 0, Teléfono:  Dirección: , , , , 
147, http://www.construleads.com/cl20/ficha-obra/?muestra=1&claveProyecto=OC193806,, , , , , , $0.00 , , , , , , , , , 0, 0, Teléfono:  Dirección: , , , , 
148, http://www.construleads.com/cl20/ficha-obra/?muestra=1&claveProyecto=OC193807,, , , , , , $0.00 , , , , , , , , , 0, 0, Teléfono:  Dirección: , , , , 
149, http://www.construleads.com/cl20/ficha-obra/?muestra=1&claveProyecto=OC193808,, , , , , , $0.00 , , , , , , , , , 0, 0, Teléfono:  Dirección: , , , , 
150, http://www.construleads.com/cl20/ficha-obra/?muestra=1&claveProyecto=OC193809,, , , , , , $0.00 , , , , , , , , , 0, 0, Teléfono:  Dirección: , , , , 
151, http://www.construleads.com/cl20/ficha-obra/?muestra=1&claveProyecto=OC193810,, , , , , , $0.00 , , , , , , , , , 0, 0, Teléfono:  Dirección: , , , , 
152, http://www.construleads.com/cl20/ficha-obra/?muestra=1&claveProyecto=OC193811,, , , , , , $0.00 , , , , , , , , , 0, 0, Teléfono:  Dirección: , , , , 
153, http://www.construleads.com/cl20/ficha-obra/?muestra=1&claveProyecto=OC193812,, , , , , , $0.00 , , , , , , , , , 0, 0, Teléfono:  Dirección: , , , , 
154, http://www.construleads.com/cl20/ficha-obra/?muestra=1&claveProyecto=OC193813,, , , , , , $0.00 , , , , , , , , , 0, 0, Teléfono:  Dirección: , , , , 
155, http://www.construleads.com/cl20/ficha-obra/?muestra=1&claveProyecto=OC193814,, , , , , , $0.00 , , , , , , , , , 0, 0, Teléfono:  Dirección: , , , , 
156, http://www.construleads.com/cl20/ficha-obra/?muestra=1&claveProyecto=OC193815,, , , , , , $0.00 , , , , , , , , , 0, 0, Teléfono:  Dirección: , , , , 
157, http://www.construleads.com/cl20/ficha-obra/?muestra=1&claveProyecto=OC193816,, , , , , , $0.00 , , , , , , , , , 0, 0, Teléfono:  Dirección: , , , , 
158, http://www.construleads.com/cl20/ficha-obra/?muestra=1&claveProyecto=OC193817,, , , , , , $0.00 , , , , , , , , , 0, 0, Teléfono:  Dirección: , , , , 
159, http://www.construleads.com/cl20/ficha-obra/?muestra=1&claveProyecto=OC193818,, , , , , , $0.00 , , , , , , , , , 0, 0, Teléfono:  Dirección: , , , , 
160, http://www.construleads.com/cl20/ficha-obra/?muestra=1&claveProyecto=OC193819,, , , , , , $0.00 , , , , , , , , , 0, 0, Teléfono:  Dirección: , , , , 
161, http://www.construleads.com/cl20/ficha-obra/?muestra=1&claveProyecto=OC193820,, , , , , , $0.00 , , , , , , , , , 0, 0, Teléfono:  Dirección: , , , , 
162, http://www.construleads.com/cl20/ficha-obra/?muestra=1&claveProyecto=OC193821,, , , , , , $0.00 , , , , , , , , , 0, 0, Teléfono:  Dirección: , , , , 
163, http://www.construleads.com/cl20/ficha-obra/?muestra=1&claveProyecto=OC193822,, , , , , , $0.00 , , , , , , , , , 0, 0, Teléfono:  Dirección: , , , , 
164, http://www.construleads.com/cl20/ficha-obra/?muestra=1&claveProyecto=OC193823,, , , , , , $0.00 , , , , , , , , , 0, 0, Teléfono:  Dirección: , , , , 
165, http://www.construleads.com/cl20/ficha-obra/?muestra=1&claveProyecto=OC193824,, , , , , , $0.00 , , , , , , , , , 0, 0, Teléfono:  Dirección: , , , , 
166, http://www.construleads.com/cl20/ficha-obra/?muestra=1&claveProyecto=OC193825,, , , , , , $0.00 , , , , , , , , , 0, 0, Teléfono:  Dirección: , , , , 
167, http://www.construleads.com/cl20/ficha-obra/?muestra=1&claveProyecto=OC193826,, , , , , , $0.00 , , , , , , , , , 0, 0, Teléfono:  Dirección: , , , , 
168, http://www.construleads.com/cl20/ficha-obra/?muestra=1&claveProyecto=OC193827,, , , , , , $0.00 , , , , , , , , , 0, 0, Teléfono:  Dirección: , , , , 
169, http://www.construleads.com/cl20/ficha-obra/?muestra=1&claveProyecto=OC193828,, , , , , , $0.00 , , , , , , , , , 0, 0, Teléfono:  Dirección: , , , , 
170, http://www.construleads.com/cl20/ficha-obra/?muestra=1&claveProyecto=OC193829,, , , , , , $0.00 , , , , , , , , , 0, 0, Teléfono:  Dirección: , , , , 
171, http://www.construleads.com/cl20/ficha-obra/?muestra=1&claveProyecto=OC193830,, , , , , , $0.00 , , , , , , , , , 0, 0, Teléfono:  Dirección: , , , , 
172, http://www.construleads.com/cl20/ficha-obra/?muestra=1&claveProyecto=OC193831,, , , , , , $0.00 , , , , , , , , , 0, 0, Teléfono:  Dirección: , , , , 
173, http://www.construleads.com/cl20/ficha-obra/?muestra=1&claveProyecto=OC193832,, , , , , , $0.00 , , , , , , , , , 0, 0, Teléfono:  Dirección: , , , , 
174, http://www.construleads.com/cl20/ficha-obra/?muestra=1&claveProyecto=OC193833,, , , , , , $0.00 , , , , , , , , , 0, 0, Teléfono:  Dirección: , , , , 
175, http://www.construleads.com/cl20/ficha-obra/?muestra=1&claveProyecto=OC193834,, , , , , , $0.00 , , , , , , , , , 0, 0, Teléfono:  Dirección: , , , , 
176, http://www.construleads.com/cl20/ficha-obra/?muestra=1&claveProyecto=OC193835,, , , , , , $0.00 , , , , , , , , , 0, 0, Teléfono:  Dirección: , , , , 
177, http://www.construleads.com/cl20/ficha-obra/?muestra=1&claveProyecto=OC193836,, , , , , , $0.00 , , , , , , , , , 0, 0, Teléfono:  Dirección: , , , , 
178, http://www.construleads.com/cl20/ficha-obra/?muestra=1&claveProyecto=OC193837,, , , , , , $0.00 , , , , , , , , , 0, 0, Teléfono:  Dirección: , , , , 
179, http://www.construleads.com/cl20/ficha-obra/?muestra=1&claveProyecto=OC193838,, , , , , , $0.00 , , , , , , , , , 0, 0, Teléfono:  Dirección: , , , , 
180, http://www.construleads.com/cl20/ficha-obra/?muestra=1&claveProyecto=OC193839,, , , , , , $0.00 , , , , , , , , , 0, 0, Teléfono:  Dirección: , , , , 
181, http://www.construleads.com/cl20/ficha-obra/?muestra=1&claveProyecto=OC193840,, , , , , , $0.00 , , , , , , , , , 0, 0, Teléfono:  Dirección: , , , , 
182, http://www.construleads.com/cl20/ficha-obra/?muestra=1&claveProyecto=OC193841,, , , , , , $0.00 , , , , , , , , , 0, 0, Teléfono:  Dirección: , , , , 
183, http://www.construleads.com/cl20/ficha-obra/?muestra=1&claveProyecto=OC193842,, , , , , , $0.00 , , , , , , , , , 0, 0, Teléfono:  Dirección: , , , , 
184, http://www.construleads.com/cl20/ficha-obra/?muestra=1&claveProyecto=OC193843,, , , , , , $0.00 , , , , , , , , , 0, 0, Teléfono:  Dirección: , , , , 
185, http://www.construleads.com/cl20/ficha-obra/?muestra=1&claveProyecto=OC193844,, , , , , , $0.00 , , , , , , , , , 0, 0, Teléfono:  Dirección: , , , , 
186, http://www.construleads.com/cl20/ficha-obra/?muestra=1&claveProyecto=OC193845,, , , , , , $0.00 , , , , , , , , , 0, 0, Teléfono:  Dirección: , , , , 
187, http://www.construleads.com/cl20/ficha-obra/?muestra=1&claveProyecto=OC193846,, , , , , , $0.00 , , , , , , , , , 0, 0, Teléfono:  Dirección: , , , , 
188, http://www.construleads.com/cl20/ficha-obra/?muestra=1&claveProyecto=OC193847,, , , , , , $0.00 , , , , , , , , , 0, 0, Teléfono:  Dirección: , , , , 
189, http://www.construleads.com/cl20/ficha-obra/?muestra=1&claveProyecto=OC193848,, , , , , , $0.00 , , , , , , , , , 0, 0, Teléfono:  Dirección: , , , , 
190, http://www.construleads.com/cl20/ficha-obra/?muestra=1&claveProyecto=OC193849,, , , , , , $0.00 , , , , , , , , , 0, 0, Teléfono:  Dirección: , , , , 
191, http://www.construleads.com/cl20/ficha-obra/?muestra=1&claveProyecto=OC193850,, , , , , , $0.00 , , , , , , , , , 0, 0, Teléfono:  Dirección: , , , , 
192, http://www.construleads.com/cl20/ficha-obra/?muestra=1&claveProyecto=OC193851,, , , , , , $0.00 , , , , , , , , , 0, 0, Teléfono:  Dirección: , , , , 
193, http://www.construleads.com/cl20/ficha-obra/?muestra=1&claveProyecto=OC193852,, , , , , , $0.00 , , , , , , , , , 0, 0, Teléfono:  Dirección: , , , , 
194, http://www.construleads.com/cl20/ficha-obra/?muestra=1&claveProyecto=OC193853,, , , , , , $0.00 , , , , , , , , , 0, 0, Teléfono:  Dirección: , , , , 
195, http://www.construleads.com/cl20/ficha-obra/?muestra=1&claveProyecto=OC193854,, , , , , , $0.00 , , , , , , , , , 0, 0, Teléfono:  Dirección: , , , , 
196, http://www.construleads.com/cl20/ficha-obra/?muestra=1&claveProyecto=OC193855,, , , , , , $0.00 , , , , , , , , , 0, 0, Teléfono:  Dirección: , , , , 
197, http://www.construleads.com/cl20/ficha-obra/?muestra=1&claveProyecto=OC193856,, , , , , , $0.00 , , , , , , , , , 0, 0, Teléfono:  Dirección: , , , , 
198, http://www.construleads.com/cl20/ficha-obra/?muestra=1&claveProyecto=OC193857,, , , , , , $0.00 , , , , , , , , , 0, 0, Teléfono:  Dirección: , , , , 
199, http://www.construleads.com/cl20/ficha-obra/?muestra=1&claveProyecto=OC193858,, , , , , , $0.00 , , , , , , , , , 0, 0, Teléfono:  Dirección: , , , , 
200, http://www.construleads.com/cl20/ficha-obra/?muestra=1&claveProyecto=OC193859,, , , , , , $0.00 , , , , , , , , , 0, 0, Teléfono:  Dirección: , , , , 
201, http://www.construleads.com/cl20/ficha-obra/?muestra=1&claveProyecto=OC193860,, , , , , , $0.00 , , , , , , , , , 0, 0, Teléfono:  Dirección: , , , , 
202, http://www.construleads.com/cl20/ficha-obra/?muestra=1&claveProyecto=OC193861,, , , , , , $0.00 , , , , , , , , , 0, 0, Teléfono:  Dirección: , , , , 
203, http://www.construleads.com/cl20/ficha-obra/?muestra=1&claveProyecto=OC193862,, , , , , , $0.00 , , , , , , , , , 0, 0, Teléfono:  Dirección: , , , , 
204, http://www.construleads.com/cl20/ficha-obra/?muestra=1&claveProyecto=OC193863,, , , , , , $0.00 , , , , , , , , , 0, 0, Teléfono:  Dirección: , , , , 
205, http://www.construleads.com/cl20/ficha-obra/?muestra=1&claveProyecto=OC193864,, , , , , , $0.00 , , , , , , , , , 0, 0, Teléfono:  Dirección: , , , , 
206, http://www.construleads.com/cl20/ficha-obra/?muestra=1&claveProyecto=OC193865,, , , , , , $0.00 , , , , , , , , , 0, 0, Teléfono:  Dirección: , , , , 
207, http://www.construleads.com/cl20/ficha-obra/?muestra=1&claveProyecto=OC193866,, , , , , , $0.00 , , , , , , , , , 0, 0, Teléfono:  Dirección: , , , , 
208, http://www.construleads.com/cl20/ficha-obra/?muestra=1&claveProyecto=OC193867,, , , , , , $0.00 , , , , , , , , , 0, 0, Teléfono:  Dirección: , , , , 
209, http://www.construleads.com/cl20/ficha-obra/?muestra=1&claveProyecto=OC193868,, , , , , , $0.00 , , , , , , , , , 0, 0, Teléfono:  Dirección: , , , , 
210, http://www.construleads.com/cl20/ficha-obra/?muestra=1&claveProyecto=OC193869,, , , , , , $0.00 , , , , , , , , , 0, 0, Teléfono:  Dirección: , , , , 
211, http://www.construleads.com/cl20/ficha-obra/?muestra=1&claveProyecto=OC193870,, , , , , , $0.00 , , , , , , , , , 0, 0, Teléfono:  Dirección: , , , , 
212, http://www.construleads.com/cl20/ficha-obra/?muestra=1&claveProyecto=OC193871,, , , , , , $0.00 , , , , , , , , , 0, 0, Teléfono:  Dirección: , , , , 
213, http://www.construleads.com/cl20/ficha-obra/?muestra=1&claveProyecto=OC193872,, , , , , , $0.00 , , , , , , , , , 0, 0, Teléfono:  Dirección: , , , , 
214, http://www.construleads.com/cl20/ficha-obra/?muestra=1&claveProyecto=OC193873,, , , , , , $0.00 , , , , , , , , , 0, 0, Teléfono:  Dirección: , , , , 
215, http://www.construleads.com/cl20/ficha-obra/?muestra=1&claveProyecto=OC193874,, , , , , , $0.00 , , , , , , , , , 0, 0, Teléfono:  Dirección: , , , , 
216, http://www.construleads.com/cl20/ficha-obra/?muestra=1&claveProyecto=OC193875,, , , , , , $0.00 , , , , , , , , , 0, 0, Teléfono:  Dirección: , , , , 
217, http://www.construleads.com/cl20/ficha-obra/?muestra=1&claveProyecto=OC193876,, , , , , , $0.00 , , , , , , , , , 0, 0, Teléfono:  Dirección: , , , , 
218, http://www.construleads.com/cl20/ficha-obra/?muestra=1&claveProyecto=OC193877,, , , , , , $0.00 , , , , , , , , , 0, 0, Teléfono:  Dirección: , , , , 
219, http://www.construleads.com/cl20/ficha-obra/?muestra=1&claveProyecto=OC193878,, , , , , , $0.00 , , , , , , , , , 0, 0, Teléfono:  Dirección: , , , , 
220, http://www.construleads.com/cl20/ficha-obra/?muestra=1&claveProyecto=OC193879,, , , , , , $0.00 , , , , , , , , , 0, 0, Teléfono:  Dirección: , , , , 
221, http://www.construleads.com/cl20/ficha-obra/?muestra=1&claveProyecto=OC193880,, , , , , , $0.00 , , , , , , , , , 0, 0, Teléfono:  Dirección: , , , , 
222, http://www.construleads.com/cl20/ficha-obra/?muestra=1&claveProyecto=OC193881,, , , , , , $0.00 , , , , , , , , , 0, 0, Teléfono:  Dirección: , , , , 
223, http://www.construleads.com/cl20/ficha-obra/?muestra=1&claveProyecto=OC193882,, , , , , , $0.00 , , , , , , , , , 0, 0, Teléfono:  Dirección: , , , , 
224, http://www.construleads.com/cl20/ficha-obra/?muestra=1&claveProyecto=OC193883,, , , , , , $0.00 , , , , , , , , , 0, 0, Teléfono:  Dirección: , , , , 
225, http://www.construleads.com/cl20/ficha-obra/?muestra=1&claveProyecto=OC193884,, , , , , , $0.00 , , , , , , , , , 0, 0, Teléfono:  Dirección: , , , , 
226, http://www.construleads.com/cl20/ficha-obra/?muestra=1&claveProyecto=OC193885,, , , , , , $0.00 , , , , , , , , , 0, 0, Teléfono:  Dirección: , , , , 
227, http://www.construleads.com/cl20/ficha-obra/?muestra=1&claveProyecto=OC193886,, , , , , , $0.00 , , , , , , , , , 0, 0, Teléfono:  Dirección: , , , , 
228, http://www.construleads.com/cl20/ficha-obra/?muestra=1&claveProyecto=OC193887,, , , , , , $0.00 , , , , , , , , , 0, 0, Teléfono:  Dirección: , , , , 
229, http://www.construleads.com/cl20/ficha-obra/?muestra=1&claveProyecto=OC193888,, , , , , , $0.00 , , , , , , , , , 0, 0, Teléfono:  Dirección: , , , , 
230, http://www.construleads.com/cl20/ficha-obra/?muestra=1&claveProyecto=OC193889,, , , , , , $0.00 , , , , , , , , , 0, 0, Teléfono:  Dirección: , , , , 
231, http://www.construleads.com/cl20/ficha-obra/?muestra=1&claveProyecto=OC193890,, , , , , , $0.00 , , , , , , , , , 0, 0, Teléfono:  Dirección: , , , , 
232, http://www.construleads.com/cl20/ficha-obra/?muestra=1&claveProyecto=OC193891,, , , , , , $0.00 , , , , , , , , , 0, 0, Teléfono:  Dirección: , , , , 
233, http://www.construleads.com/cl20/ficha-obra/?muestra=1&claveProyecto=OC193892,, , , , , , $0.00 , , , , , , , , , 0, 0, Teléfono:  Dirección: , , , , 
234, http://www.construleads.com/cl20/ficha-obra/?muestra=1&claveProyecto=OC193893,, , , , , , $0.00 , , , , , , , , , 0, 0, Teléfono:  Dirección: , , , , 
235, http://www.construleads.com/cl20/ficha-obra/?muestra=1&claveProyecto=OC193894,, , , , , , $0.00 , , , , , , , , , 0, 0, Teléfono:  Dirección: , , , , 
236, http://www.construleads.com/cl20/ficha-obra/?muestra=1&claveProyecto=OC193895,, , , , , , $0.00 , , , , , , , , , 0, 0, Teléfono:  Dirección: , , , , 
237, http://www.construleads.com/cl20/ficha-obra/?muestra=1&claveProyecto=OC193896,, , , , , , $0.00 , , , , , , , , , 0, 0, Teléfono:  Dirección: , , , , 
238, http://www.construleads.com/cl20/ficha-obra/?muestra=1&claveProyecto=OC193897,, , , , , , $0.00 , , , , , , , , , 0, 0, Teléfono:  Dirección: , , , , 
239, http://www.construleads.com/cl20/ficha-obra/?muestra=1&claveProyecto=OC193898,, , , , , , $0.00 , , , , , , , , , 0, 0, Teléfono:  Dirección: , , , , 
240, http://www.construleads.com/cl20/ficha-obra/?muestra=1&claveProyecto=OC193899,, , , , , , $0.00 , , , , , , , , , 0, 0, Teléfono:  Dirección: , , , , 
241, http://www.construleads.com/cl20/ficha-obra/?muestra=1&claveProyecto=OC193900,, , , , , , $0.00 , , , , , , , , , 0, 0, Teléfono:  Dirección: , , , , 
242, http://www.construleads.com/cl20/ficha-obra/?muestra=1&claveProyecto=OC193901,, , , , , , $0.00 , , , , , , , , , 0, 0, Teléfono:  Dirección: , , , , 
243, http://www.construleads.com/cl20/ficha-obra/?muestra=1&claveProyecto=OC193902,, , , , , , $0.00 , , , , , , , , , 0, 0, Teléfono:  Dirección: , , , , 
244, http://www.construleads.com/cl20/ficha-obra/?muestra=1&claveProyecto=OC193903,, , , , , , $0.00 , , , , , , , , , 0, 0, Teléfono:  Dirección: , , , , 
245, http://www.construleads.com/cl20/ficha-obra/?muestra=1&claveProyecto=OC193904,, , , , , , $0.00 , , , , , , , , , 0, 0, Teléfono:  Dirección: , , , , 
246, http://www.construleads.com/cl20/ficha-obra/?muestra=1&claveProyecto=OC193905,, , , , , , $0.00 , , , , , , , , , 0, 0, Teléfono:  Dirección: , , , , 
247, http://www.construleads.com/cl20/ficha-obra/?muestra=1&claveProyecto=OC193906,, , , , , , $0.00 , , , , , , , , , 0, 0, Teléfono:  Dirección: , , , , 
248, http://www.construleads.com/cl20/ficha-obra/?muestra=1&claveProyecto=OC193907,, , , , , , $0.00 , , , , , , , , , 0, 0, Teléfono:  Dirección: , , , , 
249, http://www.construleads.com/cl20/ficha-obra/?muestra=1&claveProyecto=OC193908,, , , , , , $0.00 , , , , , , , , , 0, 0, Teléfono:  Dirección: , , , , 
250, http://www.construleads.com/cl20/ficha-obra/?muestra=1&claveProyecto=OC193909,, , , , , , $0.00 , , , , , , , , , 0, 0, Teléfono:  Dirección: , , , , 
251, http://www.construleads.com/cl20/ficha-obra/?muestra=1&claveProyecto=OC193910,, , , , , , $0.00 , , , , , , , , , 0, 0, Teléfono:  Dirección: , , , , 
